Status,Time,Crypto,Network,Deposit Amount,TxID,Progress
Credited Successfully,2025-08-31 02:53:14,BTC,Bitcoin(BTC),0.06671994,9c599f3f49f0e1ee50d42dedd651b72308ad049e17a94328dbbbc4d60a691465:343,(3/3)
Credited Successfully,2025-08-30 15:05:28,USDT,Ethereum(ERC20),6260.68,0x40362ef1b5ba0d211f9a0dc4a8bd53d9ad82ee71e1330d021800b65cd82cde44:0,(98/96)
Credited Successfully,2025-08-30 01:53:34,BTC,Bitcoin(BTC),0.06190607,95763f952e4d81321372aee0df7afe07fc22f93bf227e3b022f8a0d073813585:41,(3/3)
Credited Successfully,2025-08-29 01:24:07,BTC,Bitcoin(BTC),0.0651098,db61c80656c77d7442d282dc26bc2773d495f59c81fa01db07c77a6283425f11:108,(4/3)
Credited Successfully,2025-08-28 01:34:29,BTC,Bitcoin(BTC),0.06539411,d69c33cdb45f78f7e3fc7e728b1dad5f2570dbaf767e3e42856d438b11d9c81f:135,(3/3)
Credited Successfully,2025-08-27 17:34:30,TAO,Bittensor(TAO),60,0x59e89bfdcd73aebe9967798d3008e1bdf20f730982005cccee16405b9363816d:000000006314360,(31/30)
Credited Successfully,2025-08-27 16:41:53,TAO,Bittensor(TAO),20.99599,0x0cb2de1b232d48e08e0060b3a078c92382d1a54a41a1a51e7d5a911c4d36dfb6:000000006314097,(30/30)
Credited Successfully,2025-08-27 02:03:50,BTC,Bitcoin(BTC),0.06626582,baf6eedb18e2fec094cbc3cc762563db6f762b8c9987140f2ab271eb49dcfbb1:11,(3/3)
Credited Successfully,2025-08-26 01:30:55,BTC,Bitcoin(BTC),0.08269804,57720a43e19297f622381549bc77c86e5c9ff1f6413a1f667d0294b4aa39042b:46,(3/3)
Credited Successfully,2025-08-25 14:13:41,TAO,Bittensor(TAO),47.89,0xc329bc668d4ba748a86f51fa3eb9fadc95d55c4152c2d23f6da3371d749e1ddc:000000006298956,(30/30)
Credited Successfully,2025-08-25 01:49:04,BTC,Bitcoin(BTC),0.06510891,aa9de4a29765fc23cad1f8fa745bb291f1302b3b84661369b026ea0a7c146331:259,(3/3)
Credited Successfully,2025-08-24 02:31:43,BTC,Bitcoin(BTC),0.06852763,f421cb92763ab7911521cde9136029f10fc26dc7dcc0f4486b50bb79701770e9:121,(3/3)
Credited Successfully,2025-08-23 02:01:55,BTC,Bitcoin(BTC),0.07314709,f41d3c095c5c289e7c551c23e74750b7ee5b7eeac335df656db6736708100d0c:295,(3/3)
Credited Successfully,2025-08-22 02:57:26,BTC,Bitcoin(BTC),0.08798616,067dcb4b825bb2815611d82d79937870d4dc92ada907817cb9a32bfa443f307f:46,(3/3)
Credited Successfully,2025-08-21 18:31:07,TAO,Bittensor(TAO),30,0x4888b7c5dffe728aa2c4c952b256d8529a878a007c3ab378ebc7ffd7cde3f9d1:000000006271443,(34/30)
Credited Successfully,2025-08-21 01:58:16,BTC,Bitcoin(BTC),0.09426433,fd1e27ab1101f90b8577eee6c4ebb6b7713608fb3b58b45586c0691aec53adbd:16,(3/3)
Credited Successfully,2025-08-20 01:35:09,BTC,Bitcoin(BTC),0.09278638,92ef9c0de93c24ac096441655211eac34d6edfb0aedcafb56a594e4b649501c7:116,(4/3)
Credited Successfully,2025-08-19 14:24:18,TAO,Bittensor(TAO),52.08,0xa28e9a04f45563b93bc6655471dbab431d64e77f8ddef1f20494891de11d24af:000000006255809,(36/30)
Credited Successfully,2025-08-19 01:50:42,BTC,Bitcoin(BTC),0.10871146,cf726098666e4b5cf6c771731a52ea8ab9d24901ee710dcc2d10a246483948e1:174,(3/3)
Credited Successfully,2025-08-18 01:35:06,BTC,Bitcoin(BTC),0.12201137,ddf79c44f7a4ed0b0074f551ad74d949dba8167fb92b875203a21b9af3f1fd95:44,(3/3)
Credited Successfully,2025-08-17 01:33:03,BTC,Bitcoin(BTC),0.12479667,cbefe2889d7a227e3cff4ffa1fd98defcf432aa190723c3f04195e1d79aacf38:48,(3/3)
Credited Successfully,2025-08-16 01:47:43,BTC,Bitcoin(BTC),0.11797297,289d890930bd6a6f4de6fb570946d844b1907b94c036d79637c619e996e4ba9c:225,(3/3)
Credited Successfully,2025-08-15 01:32:24,BTC,Bitcoin(BTC),0.12256545,0f0f3a2b328cca1792a1e3cc072be4e9b77305215567192ca9af5243f7eaa891:172,(3/3)
Credited Successfully,2025-08-14 01:32:49,BTC,Bitcoin(BTC),0.15184039,85b7f2789310d15986e9e39ec535e09d131724e7856d648da268395ad7427e54:334,(3/3)
Credited Successfully,2025-08-13 16:15:51,TAO,Bittensor(TAO),2.47,0x69e2314615e02ee36e6df80d5daa07759b759148ddf97df294f23b2b62e615ae:000000006213167,(30/30)
Credited Successfully,2025-08-13 02:06:38,BTC,Bitcoin(BTC),0.14683466,ca7ac9be4d8efbfa3eee7f16327aa5a06abcbe443154f8b3dfbd9855a9981bfe:72,(3/3)
Credited Successfully,2025-08-12 16:14:52,TAO,Bittensor(TAO),4.22,0x762615d718fbae4d5df5397568acc0ac1e47d2cec53e040f9fd0de13f8512848:000000006205962,(34/30)
Credited Successfully,2025-08-12 13:56:52,TAO,Bittensor(TAO),59.85,0xb7e2466a3d00fdb94cfa602932ea4be91a6e2a704a53336f53f711dcdf57d046:000000006205272,(33/30)
Credited Successfully,2025-08-12 12:00:29,TAO,Bittensor(TAO),150,0xa38d841ffbe69e98fdcb3988cdc911b0ac3854c5e91bb38368523b3716ac4195:000000006204690,(35/30)
Credited Successfully,2025-08-12 11:59:28,TAO,Bittensor(TAO),10,0x989d64ff8aadae60da97f395c68a89c7b2600f6700c93732d1517ce815a76e83:000000006204685,(32/30)
Credited Successfully,2025-08-12 08:59:01,USDT,Ethereum(ERC20),1253.74,INTERNAL482d25c84abc47808efcfefcea3e53e5,(1/1)
Credited Successfully,2025-08-12 02:04:17,BTC,Bitcoin(BTC),0.16753053,7e2761416747243e2731294322238986326555dc476452e1ece5af34fcee5e91:301,(3/3)
Credited Successfully,2025-08-11 17:39:53,TAO,Bittensor(TAO),7.31,0x3e35680d28f6c7cd8f2e6b45d47de18bccc307e90cc32fea93b87b270c8d296c:000000006199187,(31/30)
Credited Successfully,2025-08-11 14:40:48,USDT,BNB Smart Chain(BEP20),500,0x76f7fba4a4395c4d0bebe5cc84f130c1f2efe85d791377f21827cbcd5a0adb6c:485,(96/61)
Credited Successfully,2025-08-11 02:26:39,BTC,Bitcoin(BTC),0.18102773,2d5d0b44dee6ccbcc88dd11df15f767354a1a0b04c896bbc617119cdbf36863d:150,(3/3)
Credited Successfully,2025-08-10 02:00:07,BTC,Bitcoin(BTC),0.16244093,ee4cde1a2d883c6116c12cbda1b7ae0d2185f05910708042af9ccb0baa29ea8a:166,(3/3)
Credited Successfully,2025-08-09 02:00:59,BTC,Bitcoin(BTC),0.14631168,6daf21b6021f7435a57d5d1769afcf1547d8209f86bd6fe8b5af262da7b07ef4:173,(3/3)
Credited Successfully,2025-08-09 00:05:40,USDT,BNB Smart Chain(BEP20),2500,0xdb8417d43e85d7e1a7bd3864f808de704eebe6a8b1b7a148454aa7d169634b88:379,(89/61)
Credited Successfully,2025-08-08 17:13:04,TAO,Bittensor(TAO),5.37759,0x001ca49002e2ba0276a076bdcfb99783ba05d14f1fd180af3833d748b0642cc2:000000006177453,(30/30)
Credited Successfully,2025-08-08 10:24:47,BTC,Bitcoin(BTC),0.13788696,0cf4b39826463062ac802162eb7573e3b76e4db7430df01fd6810abb3659414b:1,(3/3)
Credited Successfully,2025-08-06 16:28:54,TAO,Bittensor(TAO),10.69291,0xa6267d54aea1efe9548e3c8d47df0e49ac0d91ad042fbfd90bd81c941aed825c:000000006162832,(31/30)
Credited Successfully,2025-08-06 16:27:28,TAO,Bittensor(TAO),15.24177,0xbfbade9a94340a4f3d75ae7f48902310bf5960962a4bfbb4e1cefe7a369a3dc9:000000006162825,(30/30)
Credited Successfully,2025-08-05 21:18:30,TAO,Bittensor(TAO),72,0x21a02b3de02f6cfd06c2ef311556022956fd7f63e34f899f78348aedd64c60b2:000000006157080,(30/30)
Credited Successfully,2025-08-05 20:19:52,BTC,Bitcoin(BTC),0.00001756,0754aa3ee9dccb843badf7b303c8963d40dfe6f04e740d4f54b10bdf9503101d:0,(3/3)
Credited Successfully,2025-08-05 18:41:53,USDC,Ethereum(ERC20),299997,0x7728f267ee2e638dad76b532c59c2829a10663cc605ec5f8f405584d50469fe6:2,(97/96)
Credited Successfully,2025-08-05 16:34:42,USDC,Ethereum(ERC20),3,0x54693a408f2ab2193c4bbf70b33970212642eec9351b68f031a23d175dccbcbd:1,(98/96)
Credited Successfully,2025-08-05 06:15:03,BTC,Bitcoin(BTC),0.07523236,de613a82bb0c56cdf8c50fcda8984fb36e16010ce45cd66a920941f705e7b8f2:226,(3/3)
Credited Successfully,2025-08-04 14:17:20,TAO,Bittensor(TAO),48.07,0xc6333d8f05cf0efa68bf9f80f1bf17e96fc17f726fba16c8921018a5299b6a42:000000006147774,(35/30)
Credited Successfully,2025-08-04 01:31:26,BTC,Bitcoin(BTC),0.07276303,d83d84c3265977625d66c35a90f453ef35b6a1eba4948962fe000823d214c741:321,(3/3)
Credited Successfully,2025-08-03 02:15:35,BTC,Bitcoin(BTC),0.07242184,e4a6abf3cc72478900f085f30ccddcc84c0a9f3f51c6bf8cb9ddf1ffba9de8b3:89,(3/3)
Credited Successfully,2025-08-02 01:28:54,BTC,Bitcoin(BTC),0.07807214,ae597f6fc75de77e96870a32b824dd1ba000acfd7961431f2495817b73e64d25:93,(3/3)
Credited Successfully,2025-08-01 14:10:06,USDT,Ethereum(ERC20),3650,INTERNALb025dfd2667044559b3244630525f0f2,(1/1)
Credited Successfully,2025-08-01 01:32:22,BTC,Bitcoin(BTC),0.07131038,edea8aa53f94d3241285b5a271394895631ecfd5a464057165491fb0c39f374d:64,(3/3)
Credited Successfully,2025-07-31 02:22:29,TAO,Bittensor(TAO),1.91,0xb43b9ba5c79c0bdabda6ed66b8d4a4b2990a4f5ae90fbe3984d091ef93b4de79:000000006115400,(30/30)
Credited Successfully,2025-07-31 01:31:23,BTC,Bitcoin(BTC),0.05713048,e920209debcfa50951dfd69f1d53acad550bf9e2c622c4f8447fc3d759b78c9a:60,(3/3)
Credited Successfully,2025-07-30 18:38:03,BNB,BNB Smart Chain(BEP20),0.0000001,0xf6a88df4282afaafd19a53e6f7dc5576cbf9f132a153239502dd96567b4e7904,(114/61)
Credited Successfully,2025-07-30 18:38:03,USDT,BNB Smart Chain(BEP20),0.000061,0x9f1cebaed27e55f6e057b277bcc4cc3bd0f7d3e60e121945212f5f90c9c35cbc:152,(113/61)
Credited Successfully,2025-07-30 18:29:09,USDT,BNB Smart Chain(BEP20),0.000061,0xe1d0e588fddfb1e701a4b450faa1399227960a7f0b2e0a9310962389f5f264da:170,(103/61)
Credited Successfully,2025-07-30 18:26:14,BNB,BNB Smart Chain(BEP20),0.0000001,0xa5538ba20c5c454edc87d07f1b2fa9cf078ee5e6da0c88ed94e957254585c489,(87/61)
Credited Successfully,2025-07-30 18:20:45,USDT,BNB Smart Chain(BEP20),6100,0x61e9d58f7a74f3d78d63054e2d6b882020525c06430738739abd89ca3593346f:104,(101/61)
Credited Successfully,2025-07-30 01:59:41,BTC,Bitcoin(BTC),0.05694833,7408bb3a4c4d2579ec29ae50d3903e61ea00563933f77aae0c1a82a75f831e3a:353,(3/3)
Credited Successfully,2025-07-29 16:28:59,USDT,BNB Smart Chain(BEP20),10400,0x4f92a952a06e60fdbec77bc3c8fd968aa2e107aea10772cf1802e7199629630f:199,(78/61)
Credited Successfully,2025-07-29 01:42:36,BTC,Bitcoin(BTC),0.04346449,c41ddc36771bcfb1653a2a675379612579cc5203b3bc574807fdde822c41635e:13,(3/3)
Credited Successfully,2025-07-28 14:34:05,TAO,Bittensor(TAO),57.77,0x026e4280e424eb60d4d8acd43d1e72e4f249b6cca900c3998bae1c797c98aaff:000000006097458,(30/30)
Credited Successfully,2025-07-28 01:48:08,BTC,Bitcoin(BTC),0.05185792,afa0b676397152130aad40660b6dc291d4433a18ba7283cc2b30a381c906a8ad:141,(3/3)
Credited Successfully,2025-07-28 00:49:38,USDT,Tron(TRC20),38599.98,d44ca0f57168d76c6126cd3deb0be21d5f8eb0e36c0149435ca96a356a3f7589,(30/20)
Credited Successfully,2025-07-27 11:44:29,TAO,Bittensor(TAO),3.7765,0xeb0b3bad07e92858b010e7fa8c076c889989ebb0fabe09fd54434733a991970b:000000006089410,(30/30)
Credited Successfully,2025-07-27 11:11:05,TAO,Bittensor(TAO),0.00151788,0xe45549ba71203b6e19df66212f174eba63fcbb7d99371175b2dc4ef3c143acf7:000000006089243,(30/30)
Credited Successfully,2025-07-27 01:35:22,BTC,Bitcoin(BTC),0.04954572,385129013a3baf3e4d22f7c18dd2d4196a3f643053dfc8398cdc6ed77835586c:116,(3/3)
Credited Successfully,2025-07-26 01:43:24,BTC,Bitcoin(BTC),0.07028073,0b4a8f31f9aa93137010657201de87d773e7213a0ce3802488d76c168540467a:164,(3/3)
Credited Successfully,2025-07-25 01:32:50,BTC,Bitcoin(BTC),0.06328425,80ead6f5ffa1498676ff29b6307751ea519cf1a27815512f6dbbc7fe0523c4a5:140,(3/3)
Credited Successfully,2025-07-24 01:30:54,BTC,Bitcoin(BTC),0.07758564,44d330ea067aefd23fe97d3d796e4e8e1367064bbdd5ec53adcd51be7d15a65c:62,(3/3)
Credited Successfully,2025-07-23 16:02:55,TAO,Bittensor(TAO),5,0x47587bf6106923baf98fcd11aed4681a8e7238a0537c8a3b1f410b556eadf290:000000006061902,(32/30)
Credited Successfully,2025-07-23 15:44:41,TAO,Bittensor(TAO),10,0xac762efe691a104b806748afce8563c03b8be58c25def3fce281981603e97620:000000006061811,(31/30)
Credited Successfully,2025-07-23 01:46:29,BTC,Bitcoin(BTC),0.07607566,7a5e53d3f8d1884b89d4911437ad9399bb49dac9483b37a781ff427e39b57c5d:114,(3/3)
Credited Successfully,2025-07-22 18:26:52,TAO,Bittensor(TAO),12,0x6589d7994eef9de00f7690d5ba8557acd2b5d2205bcb501822f8ec9cfe81d08e:000000006055422,(30/30)
Credited Successfully,2025-07-22 01:37:46,BTC,Bitcoin(BTC),0.06741309,48ee305d449def9c112368346e85795931b5a947aba867f34ce78e89d8ccc858:26,(3/3)
Credited Successfully,2025-07-21 14:22:55,USDT,BNB Smart Chain(BEP20),10000,0x8578bad34bc9a4e5678e8b4132f9f804d21954d8939e2204c6e1ddad469abf77:453,(108/61)
Credited Successfully,2025-07-21 13:02:30,TAO,Bittensor(TAO),28.27,0xca327192daf33676a2e6bed1732120300f6d13527596ebfb9540cd5ff3ddd4d4:000000006046600,(31/30)
Credited Successfully,2025-07-21 01:41:40,BTC,Bitcoin(BTC),0.05337459,1a0f3ba660b4802580e1209f17fb18946065444fe03b41a02eeb1c3d35eb01de:44,(3/3)
Credited Successfully,2025-07-20 01:25:40,BTC,Bitcoin(BTC),0.09047736,20add2b5caced6d7bac67cfca7df662adc4373cfd9cf2f5b8d9c461061e6fc72:208,(3/3)
Credited Successfully,2025-07-19 01:28:34,BTC,Bitcoin(BTC),0.08379703,a2e292f68fd21fa13f93f74f40543cf9427adc42b6467219a4dc9d0083837ce9:46,(3/3)
Credited Successfully,2025-07-18 21:33:00,USDT,BNB Smart Chain(BEP20),5000,0xd12c7e271b37ec57f02135afced6552076af605f62bdaa5f5adc3d141d86108f:705,(61/61)
Credited Successfully,2025-07-18 16:21:49,USDT,BNB Smart Chain(BEP20),1956.8,0x15ba8e6a2cf58c35674a7d8d8fae01ea1108ffcb6c545136a5814fc6f9fda46b:335,(76/61)
Credited Successfully,2025-07-18 01:29:47,BTC,Bitcoin(BTC),0.11900363,32354981cec13d305b09499b82d54f158f7d65ed7759d1ded11a2dd28f43dd69:102,(3/3)
Credited Successfully,2025-07-18 01:01:31,USDT,Ethereum(ERC20),0.13001,0x42ebbf1d11f8283f304c1e24690bfa6888bed241ebae8479ca9a86485f168775:0,(98/96)
Credited Successfully,2025-07-17 13:25:28,USDT,Ethereum(ERC20),12000,0xfa746fc5e9a9802dcbd27e9759995f19ae5be93a0fab80eff78942b06e324adc:0,(96/96)
Credited Successfully,2025-07-17 01:21:41,BTC,Bitcoin(BTC),0.12369183,239cbad4de3d227369e6646d2d412323b980d4acf27881920ec9bbc14605529d:155,(3/3)
Credited Successfully,2025-07-17 00:30:29,TAO,Bittensor(TAO),49.47,0x2d9b69d23df288bbcd2b892863ba8694b889ef17beb8aa0c1816c53c0e75053c:000000006014040,(34/30)
Credited Successfully,2025-07-17 00:29:17,TAO,Bittensor(TAO),30,0x3d7f1de8c2481440c8683d26d0411c10da6e24ec8f221b5c02a93c5033f81ee6:000000006014034,(31/30)
Credited Successfully,2025-07-16 20:36:16,USDT,Ethereum(ERC20),13000,0x3326663719679c26a27635b964fc7027b5eb7b24217b98de57806224746384b1:0,(97/96)
Credited Successfully,2025-07-16 01:47:18,BTC,Bitcoin(BTC),0.10164079,16c4f235c79879e7d4b93c39c44ad07b7e38e0a85c882b52cbd4c7c88536fb7c:175,(3/3)
Credited Successfully,2025-07-15 14:42:54,TAO,Bittensor(TAO),18,0xdb712c01963f4805e45be7755df2ad63cbc1e1eea82b9429e9a74aa51359b59a:000000006003905,(30/30)
Credited Successfully,2025-07-15 02:28:22,BTC,Bitcoin(BTC),0.06881941,54a6c8fc86c63494e47f9f2f4c98c6b5b2f59d30df2ab1680aa59326f23e3ffa:164,(3/3)
Credited Successfully,2025-07-14 01:29:07,BTC,Bitcoin(BTC),0.05179634,477ed19242ee876f37b069acd08cbad87720623f56563db1611b3edceabfa35c:326,(3/3)
Credited Successfully,2025-07-13 01:28:31,BTC,Bitcoin(BTC),0.08473542,d365570b9b2d7cd6c7a32e782233670abe932c912df6470fb3954eb9b2160da2:86,(3/3)
Credited Successfully,2025-07-12 15:29:27,BTC,Bitcoin(BTC),0.01153119,661c27c8fe37dddff1435dc8776603a176dc34292f6ce516705e279b4e1b0391:0,(3/3)
Credited Successfully,2025-07-11 19:28:53,TAO,Bittensor(TAO),6.3,0xe293450e2ed55468a47ca0a7e2ee96d628397021679511d9888374ae1501ddda:000000005976540,(35/30)
Credited Successfully,2025-07-11 16:45:47,USDT,Tron(TRC20),8440,f86beec3b28ce3d879c14eccb4657401c276d79c29d92c6b059b575c6b66a343,(50/20)
Credited Successfully,2025-07-11 15:25:29,TAO,Bittensor(TAO),20,0xd70a6289e56db33565e7c8bdee99422dd27f0769995543b5fbe56ae4c344ebed:000000005975323,(32/30)
Credited Successfully,2025-07-11 11:19:55,TAO,Bittensor(TAO),15.9,0x6dcbc3570ea2b89ad7dd634841e7d775fa6d5a64ae86576ef6ebd1d1c6b09417:000000005974095,(30/30)
Credited Successfully,2025-07-11 10:59:46,TAO,Bittensor(TAO),2,0x2149af88d0f36b5ae915d53f599a0e9f76fb47e61a741678ceac47ef962f7bf7:000000005973994,(30/30)
Credited Successfully,2025-07-10 20:59:43,TAO,Bittensor(TAO),39.9,0x50c7f1be43b4325e0b347e51daca7895b3919881825300c81eebfd1c0ea9dac4:000000005969794,(31/30)
Credited Successfully,2025-07-10 20:56:31,TAO,Bittensor(TAO),0.1,0xbf00f538f9d29551174101aa9e5a1caa4b766a961b49df5573389bdbf317dd17:000000005969778,(40/30)
Credited Successfully,2025-07-10 17:30:54,USDT,Ethereum(ERC20),2889,0x37159fbbe5a701138a40b200cb58c72872c16db2d1518d79aa8a2e8ca145d807:0,(98/96)
Credited Successfully,2025-07-09 20:39:51,USDT,Ethereum(ERC20),7000,0xd33405dbdf497abf085828d169eb2a1349cf551bd64a234332901e7e9794e6d0:0,(97/96)
Credited Successfully,2025-07-09 10:00:54,USDT,Ethereum(ERC20),2433,0x9b34cbbff72c9206e95d2c41f096ffd54efd7d1fdca30961a06479bcb598560c:0,(96/96)
Credited Successfully,2025-07-09 09:55:56,BTC,Bitcoin(BTC),0.02699663,8650e71246acbdaa8916398f64e67a22ff2d807940b1f343d1549e6b12b1cb3b:0,(3/3)
Credited Successfully,2025-07-09 09:35:43,USDT,Ethereum(ERC20),4745.711454,0xcb0cc2c4e54e18beb17d870b75e15ddc58641f7f07c6751c053261374c9aa8d9:0,(97/96)
Credited Successfully,2025-07-09 09:32:51,USDT,BNB Smart Chain(BEP20),6765.57,0x796f3fd44f9acbfe01d6d2826ccc0c6433178c68adad75ac3333aea706da6acb:0,(94/61)
Credited Successfully,2025-07-09 09:26:36,USDT,BNB Smart Chain(BEP20),10,0xba79dabbcdc686cdaca3d88b06308b065f49021f8c76682c551cd7683aa0bbf7:0,(115/61)
Credited Successfully,2025-07-09 01:53:23,BTC,Bitcoin(BTC),0.00210993,1c43adcd5158d4a6c010c792a4514b738d61b5fd8de553cb90c59a64c5fb51af:4,(3/3)
Credited Successfully,2025-07-02 18:01:01,USDT,Ethereum(ERC20),1215.37,INTERNAL1a6b26f3a7ef490d8bc0e6ab395b1672,(1/1)
Credited Successfully,2025-07-02 01:35:08,BTC,Bitcoin(BTC),0.00202441,5f93fad33817304fa6cc42a63b76eb04f629fceaa092f0d9ba50cddf14ca29e7:35,(3/3)
Credited Successfully,2025-07-01 15:29:05,USDC,Ethereum(ERC20),2000,0x99800637ac9c9df4641ac1ffcd4875574cb809b4ba6c81e58642e2e316f20f61:0,(97/96)
Credited Successfully,2025-06-25 01:40:06,BTC,Bitcoin(BTC),0.00234745,308947fd520d946ccf0984f0d2919273a11412b7fa7bee7234e6ed7ba2ecbb66:30,(3/3)
Credited Successfully,2025-06-24 14:41:06,USDT,Ethereum(ERC20),14148.4,0x9cc4edd3a55b424575fd94f6cf9ad68bb6ccd1d6a59b7c8b5f9422cd243fae4f:0,(99/96)
Credited Successfully,2025-06-18 16:26:50,USDT,Ethereum(ERC20),4000,0x81bbd87b5eb84cd0975fe01f715331f26b7ee0f5b3be5e5bae8b00ecc5ccdc43:0,(96/96)
Credited Successfully,2025-06-18 01:33:18,BTC,Bitcoin(BTC),0.00358556,77fa6c478f9ae8c0ef0a00fb5ecd61fd9153363e133d1f6360a582f3e7864abc:21,(3/3)
Credited Successfully,2025-06-16 18:34:01,USDT,Tron(TRC20),934.22,INTERNAL9270a976c4934ce398e1de016918e11c,(1/1)
Credited Successfully,2025-06-16 18:26:11,USDT,Ethereum(ERC20),3603.53,INTERNAL80f81d9acf4f4325ba5ecf9a2a879cea,(1/1)
Credited Successfully,2025-06-11 12:59:39,TAO,Bittensor(TAO),25.71,0x54a7bec8841a9d1f045eaf593b2854a276ae7ee56e3007fa8324c8e619c6f2a3:000000005758606,(30/30)
Credited Successfully,2025-06-11 01:26:32,BTC,Bitcoin(BTC),0.00648473,ee4b3e87b8546ccd16db98fc3a7ee985c87bcc320ac8f214d4b8142cda124c77:28,(3/3)
Credited Successfully,2025-06-05 12:30:02,USDT,Ethereum(ERC20),92.76,INTERNALbd40bb90522f455f89f1507e57c3484a,(1/1)
Credited Successfully,2025-06-05 09:21:09,USDT,Ethereum(ERC20),1683.89,INTERNAL475a51e303d84d65b8fbe00d28c60603,(1/1)
Credited Successfully,2025-06-04 01:33:48,BTC,Bitcoin(BTC),0.00654058,b7a98d14ee3628ea7053e35abd1dca156fc2857cc95cfc10c9515deaed3aa0d2:10,(3/3)
Credited Successfully,2025-05-28 01:23:14,BTC,Bitcoin(BTC),0.00547754,3345c42ecd65b0ecceae23bf6eb30d406f657afbff30de14599b819819776b7d:20,(3/3)
Credited Successfully,2025-05-26 14:45:30,USDT,Ethereum(ERC20),14000,0x27635bf9c03070ff42494840a1f9ce04a738ced2d51b1c7982a31e119a564895:0,(97/96)
Credited Successfully,2025-05-21 15:38:05,USDT,Ethereum(ERC20),8000,0xfdf15478621aa4108e0f0fa7e314a1e4d46389de37608ebb87a554694b177b4f:0,(98/96)
Credited Successfully,2025-05-21 01:27:59,BTC,Bitcoin(BTC),0.01935988,d2ea99b7595d641ae86db407b62121ff54cd09c5b1625ef30e7628872b317241:50,(3/3)
Credited Successfully,2025-05-20 16:44:17,USDT,Ethereum(ERC20),1590.4,0x5f22fc18d6ffef48f2e8d1b86c286cfeebd03052436c085d85967d8dc5ccc366:0,(97/96)
Credited Successfully,2025-05-16 13:15:27,USDT,Ethereum(ERC20),5997.5,0x5b8f5ed8f6a31e5851cfc563c4da8890beb1f2a364d5d02da1f6fe1da0e39471:0,(98/96)
Credited Successfully,2025-05-16 01:35:17,BTC,Bitcoin(BTC),0.03165097,f8c4de97db9c9839d3fc3d571d39761331b31e7715601ecaf5f9c4ace234b1c7:18,(3/3)
Credited Successfully,2025-05-12 19:55:52,USDT,Ethereum(ERC20),3576.75,0x0e660585f3ae510a58f6a3d56a5e1a3fd97826ccf84eecd49f84ac6d9cca3810:0,(96/96)
Credited Successfully,2025-05-09 01:39:52,BTC,Bitcoin(BTC),0.38023667,d0696617ef1053eeb6344994ebb3786cc1b6f3c40d7d34afad9c7eca23705577:37,(3/3)
Credited Successfully,2025-05-07 12:28:05,USDT,Ethereum(ERC20),2097,0x56eb648a010c33f403e2a5a1108d936a1259a1a46758f7f4a91a355b94e27158:0,(98/96)
Credited Successfully,2025-05-03 02:39:49,TAO,Bittensor(TAO),9.85,0x5b11a5d136f7f63d8693edfd0f711f45fe9fb72451546df1a9a7440047f00b9e:000000005484323,(31/30)
Credited Successfully,2025-05-02 11:48:39,USDT,Ethereum(ERC20),4598.5,0x8902c20a15a19ca80d723463f60d568fb9cb8e73dfbd3204fc22da71a69fc4b5:0,(99/96)
Credited Successfully,2025-04-23 21:19:55,USDT,Tron(TRC20),82000,8be295320e7f14484c8814e5897f02a2f70ba3a62cf1dcf37bf26229117c0cc7,(25/20)
Credited Successfully,2025-04-23 21:12:32,USDT,Tron(TRC20),5001,e75175f97c448654631e738a38d386e95bf3d899c5cd2f3161016cef8ebea1da,(30/20)
Credited Successfully,2025-04-16 12:24:38,USDT,Ethereum(ERC20),47636.48,0xe655b36f263744583d6a1ab2c8d87efe23f4fb08c6fa3ebd204a2d0538e8f9e8:0,(98/96)
Credited Successfully,2025-04-15 12:27:03,TAO,Bittensor(TAO),12.87,0x577f632c2a6f38051504ce111109068700a2318cc3cfc30a725a363a148c39fd:000000005357659,(30/30)
Credited Successfully,2025-04-13 15:20:03,USDT,Ethereum(ERC20),6798.5,0x0efcca2d39b2a96012190546712150a174862263f7e6da9566d6f54c3d6567ce:0,(96/96)
Credited Successfully,2025-04-12 12:48:28,USDT,Ethereum(ERC20),3727.02,0xf376de3975c793512b04eb45e15e645f6f5536e59596cb79cf31a0e435b75f15:0,(96/96)
Credited Successfully,2025-04-11 10:54:53,USDT,Ethereum(ERC20),3398.5,0x277fd99ab3e57c8c5c851c21f7198bb467ee75663385828436c4228bb34152c7:0,(97/96)
Credited Successfully,2025-04-09 08:53:04,TAO,Bittensor(TAO),3.59,0xcb61e2acee4f287e0a13d87ba2b0740119cfdb5626bab37790078ad2ac66091e:000000005313389,(30/30)
Credited Successfully,2025-04-04 16:40:27,USDT,Ethereum(ERC20),498.5,0x740fc79878d9326f0510ef046147adf9d5d9f2c1aab02737d8a6cf0b6f911e62:0,(96/96)
Credited Successfully,2025-04-04 12:55:27,USDT,Ethereum(ERC20),6325.5,0x2aa6ae88fc45215ae72d605abd7c121275bce90d4c1a9ef2bd534a0cf7a1bf69:0,(97/96)
Credited Successfully,2025-04-04 02:07:16,TAO,Bittensor(TAO),0.01,0x5e438afce6542fcac5f88fa6ebee6d7bcf3bb04373f7cf97931773fdf4fd8064:000000005275360,(30/30)
Credited Successfully,2025-04-03 16:29:16,TAO,Bittensor(TAO),4.4,0xd9625f305fd7c0924e70037b013c9f90930af2e49450a5511d0c392f4aa444a6:000000005272470,(30/30)
Credited Successfully,2025-04-03 14:26:53,USDC,Ethereum(ERC20),2076.887644,0xbf00f35ab99a43b60550aa47b75614d77a60700cd98dbe265c74865439aba131:12,(97/96)
Credited Successfully,2025-04-03 14:08:53,USDC,Ethereum(ERC20),2000,0x7cd978692131a6a71e8b8bac3534c42b1094b2be77d07ef28717077607ca2a09:8,(99/96)
Credited Successfully,2025-04-02 16:06:41,USDC,Ethereum(ERC20),25500,0x51f66b8a6cd4a45ddc77530cf47af1c3d9e4228c49b164877e92ebbb90a074db:10,(96/96)
Credited Successfully,2025-03-27 13:51:43,USDT,Ethereum(ERC20),34,0x8aae42a1ae9822230be059e73888af6a28ad21c9b1e57f661c3f845b4547c33c:0,(97/96)
Credited Successfully,2025-03-27 12:48:54,USDT,Ethereum(ERC20),513,0x7a11f42d482c38ce4b9187da1c4ff7607c0cba6caaea654e02e3cc2cd532707c:0,(98/96)
Credited Successfully,2025-03-25 10:38:29,USDT,Ethereum(ERC20),3116.07,0x776c7650a17907345e6e9c1c78f3f7d40ef7c6ee38753373c29b0834b935cdb4:0,(98/96)
Credited Successfully,2025-03-24 23:06:04,USDT,Ethereum(ERC20),6654.5,0x4aaa8bc90717a5b59ebc4cf26f9874aaa91be0377f2bad33d9faf68aaac2b9f3:0,(98/96)
Credited Successfully,2025-03-24 14:38:03,TAO,Bittensor(TAO),2.36,0x24ad9de27ae0d9a5888d510cc58c87b291f49b623e40894ca3642341107b2f01:000000005199914,(31/30)
Credited Successfully,2025-03-20 12:31:27,TAO,Bittensor(TAO),5.54,0xd76c7534e4319261ebb7f8277712b9c33d91d6bd659703e11a8495780e6e8ccd:000000005170481,(30/30)
Credited Successfully,2025-03-18 12:26:27,TAO,Bittensor(TAO),7.2,0x0de7ca1a228052680e5a979b65e68c8c0f48bd1f9ff1344c2fc36ab726edb85b:000000005156056,(30/30)
Credited Successfully,2025-03-14 12:35:29,USDT,Ethereum(ERC20),42831.35,0x75561f885cb3242130273cf05c387e70c9ede705cf46941148a28ae4a8d8c2b6:0,(97/96)
Credited Successfully,2025-03-14 12:24:53,TAO,Bittensor(TAO),6.16,0xcdb4a53bbde7b7a9e1152553dcf180baefac4c14eadd898663e58ee29bc92dd4:000000005127248,(30/30)
Credited Successfully,2025-03-13 10:08:53,USDC,Ethereum(ERC20),329.2529,0x702794b5f5e6ec0b56e3552e99b27a9926908d06edfd49df5cefa77d8218b570:0,(106/96)
Credited Successfully,2025-03-10 18:58:44,BTC,Bitcoin(BTC),0.00102307,bb3fa2cb19fffd703bcfaeeaa98ce8bbe781b4f1c253dca725c316d5ef4bcb61:13,(3/3)
Credited Successfully,2025-03-10 18:44:59,BTC,Bitcoin(BTC),0.0017518,4e282e62038bf1e7c6b915874df0f8761da33b5ddc27a22ca9d99a0e1f40af2d:0,(3/3)
Credited Successfully,2025-03-10 18:44:58,BTC,Bitcoin(BTC),0.00239819,d647407dd3f8569f175f03f89c99927d0b8271298beb0fc3c0ca3143defbf2bc:0,(3/3)
Credited Successfully,2025-03-10 02:07:28,TAO,Bittensor(TAO),3.82,0xf34c986305f93a3e96970406bb3a9e67922eb4194ebee8acc3cff15f4dd83285:000000005095361,(31/30)
Credited Successfully,2025-03-07 14:49:02,TAO,Bittensor(TAO),2.71,0xebce7defe32725a4858e2779a752ba418b011b48ed1db37759b4bc2fe4f274ac:000000005077569,(30/30)
Credited Successfully,2025-03-06 12:35:40,TAO,Bittensor(TAO),0.45,0x93942729cb14d995dd0c8b7082b85ff2e77f402e437b4f411f5a125d88d9d54b:000000005069702,(30/30)
Credited Successfully,2025-03-05 14:06:27,TAO,Bittensor(TAO),0.44,0xd829212fd89e1319393159c62955021b7e9850ab2245d1b8b6be2c03a66d7c55:000000005062956,(30/30)
Credited Successfully,2025-03-04 13:39:39,TAO,Bittensor(TAO),0.42,0xb2487eed34ab570a970a4db26630244a16201f7962e6d0b3b4ae7508267dd953:000000005055622,(30/30)
Credited Successfully,2025-03-03 12:50:40,TAO,Bittensor(TAO),32.3,0xbb3632a7e948f771c1e8c75a130cec64f0a687cb8d048530bb4d7b749e0b2434:000000005048177,(32/30)
Credited Successfully,2025-02-28 13:35:16,TAO,Bittensor(TAO),4.3,0xdd91860d112810a3bae10c1a5595217157ac4bd097a847efea816bfbb4944241:000000005026800,(30/30)
Credited Successfully,2025-02-27 16:50:05,USDT,Ethereum(ERC20),63100.38,0xce96e1c9174437117b3da00758345baea855ad15f50dbc133db3dcd01e49073d:0,(98/96)
Credited Successfully,2025-02-27 15:34:14,TAO,Bittensor(TAO),10.8,0x462b1a0966d5f1bc97bd36408d266b6bfa87afc01860c64daab85a86e4e0efbb:000000005020195,(30/30)
Credited Successfully,2025-02-26 13:57:39,TAO,Bittensor(TAO),8.1,0xcf5d796370c1d53aaad3b804557edff024d6e14fd9bae33938d19bbc9ef3c142:000000005012512,(30/30)
Credited Successfully,2025-02-25 14:55:15,TAO,Bittensor(TAO),7.16,0xea599a17d05a6190c069fa3560763bfeaa1d2b384cb48ca6b17ffd29b5ff6a6b:000000005005600,(32/30)
Credited Successfully,2025-02-24 02:13:53,TAO,Bittensor(TAO),4.21,0xb225e3059c8ead8043f4f1dd7b05f19c81916ffa3cdfec8b1a869d86ff9bde7d:000000004994598,(31/30)
Credited Successfully,2025-02-21 13:43:40,TAO,Bittensor(TAO),7.23,0x43706e92d81c8c678515aecb55af342dc50cbd9ccbf832e385ab04a2ad3bfe2f:000000004976447,(33/30)
Credited Successfully,2025-02-20 01:22:03,TAO,Bittensor(TAO),10.01,0x820de46a1e1e6a29cabbaf8e2b576bf6cbfae4ae4629212e978bb0f1864b63a6:000000004965539,(30/30)
Credited Successfully,2025-02-17 14:34:52,TAO,Bittensor(TAO),2.57702855,0xa8e4048592d0f33301f61c7c5951f862e2accf54d901a273ca7dc799aec50c93:000000004947903,(30/30)
Credited Successfully,2025-02-17 02:07:17,TAO,Bittensor(TAO),0.04,0x00cfe7d441afaeb3fc6e182770efca1e46b487be018ea5ea5a7dd8c448f20e77:000000004944165,(31/30)
Credited Successfully,2025-02-13 02:07:39,TAO,Bittensor(TAO),0.73,0xb34683adee25b764928b7987cc121b18aa467f87fa06f37905d05f499b84c661:000000004915377,(31/30)
Credited Successfully,2025-02-12 02:26:27,TAO,Bittensor(TAO),1.67,0x411371980adf712d49212670a9f5c779a2b254db9ec54bbba05a61324a573c1e:000000004908177,(101/30)
Credited Successfully,2025-02-11 02:08:52,TAO,Bittensor(TAO),2.25,0xe2ba6842013afab031706cde4d8e9457dcfc4569f49880700d8f851a442bd29d:000000004900983,(30/30)
Credited Successfully,2025-02-10 14:20:41,TAO,Bittensor(TAO),2.6,0xc641141c4df67d2b717ba6769e7ee63b9bba70a859e6e71044ddf360ad49e30c:000000004897442,(33/30)
Credited Successfully,2025-02-10 02:08:17,TAO,Bittensor(TAO),3.33,0xb7e3d8f0ddd193da4ddef549918c4e982884bf822735d5149f65db69793a0652:000000004893893,(30/30)
Credited Successfully,2025-02-09 02:07:52,TAO,Bittensor(TAO),3.63,0x63815483b19606dd7d21f181e8d710920228359410ff8991552b9751f6d9221b:000000004887051,(33/30)
Credited Successfully,2025-02-08 02:07:53,TAO,Bittensor(TAO),2.21,0x39987b4b8f15e95c32b2673c6eb3b2756f2051bc4cff480270bb13a200ee350e:000000004880212,(30/30)
Credited Successfully,2025-02-07 02:07:44,TAO,Bittensor(TAO),1.46,0x959d02637e5829dcb42deeacae30c72764021e15d289443402d2e3e2c23f6bb8:000000004873350,(30/30)
Credited Successfully,2025-02-06 02:07:43,TAO,Bittensor(TAO),2.04,0x5df2261dd27a247aab3c161fe4717ac01f696060164528aba306c2129ee692c7:000000004866152,(30/30)
Credited Successfully,2025-02-05 02:07:55,TAO,Bittensor(TAO),0.3,0xcb16bc1c7a6453cd4ee14cfe56d438c4851e8b8ee3699f287141cd8ccd9fbd99:000000004858953,(30/30)
Credited Successfully,2025-02-04 12:53:41,TAO,Bittensor(TAO),0.46,0x5872feecbb38826f17657c0e3fbf19770495f468fdcc06bb4bfff3fd4bf7a915:000000004854982,(30/30)
Credited Successfully,2025-02-04 12:52:19,TAO,Bittensor(TAO),11.53,0x5f137fc4b229c3d24b5418e097e6bd5d69b5d5f694d48ea44e0e87b6029aff41:000000004854975,(30/30)
Credited Successfully,2025-02-03 00:02:28,TAO,Bittensor(TAO),1.84,0xa2d446a4f4100342d39db0f5832366023d1f86df2e491baa71b1f2bb8e92b9f1:000000004815759,(28173/30)
Credited Successfully,2025-02-02 18:53:44,TAO,Bittensor(TAO),0.2,0xb1c2d476ee84ce675bff62b197670bd8f2baf716b91d046d5863bb1f597f2733:000000004808714,(33674/30)
Credited Successfully,2025-02-02 18:47:02,TAO,Bittensor(TAO),1.47,0xa23fe521aea8403b469d89d14a9a42531a4133ea04fdcfea33a7cc5410534d1d:000000004808552,(33802/30)
Credited Successfully,2025-02-02 14:00:07,TAO,Bittensor(TAO),0.02,0x28e4cc18259707300902145d6837e3aa40e801c0ffc1a7f0201f40532cf1e641:000000004801720,(49398/30)
Credited Successfully,2025-02-02 13:53:40,TAO,Bittensor(TAO),0.02,0x3516f3f9df1c50b45ef05d025ea55eb39e3041f74bc052ec16290830262e4cc1:000000004801618,(49501/30)
Credited Successfully,2025-02-02 13:41:13,TAO,Bittensor(TAO),1.9,0x69567d0959a42105e4bcc84225cf361f4b33e4d78b1ae5933f95e1f38c8c5c98:000000004801352,(49769/30)
Credited Successfully,2025-01-27 03:25:05,TAO,Bittensor(TAO),1.5,0xa81ce3b7da5ddb17602839b8de17c52d5e5ac7c235ec3a0c5871be6b51a47cde:000000004794540,(30/30)
Credited Successfully,2025-01-26 05:38:41,TAO,Bittensor(TAO),7.71306942,0x7be65bed0ce50f422be16437b4125e83e7534d47bde6f9b78928ab52fd4fbf9a:000000004788009,(30/30)
Credited Successfully,2025-01-24 10:15:39,TAO,Bittensor(TAO),1.33020828,0xf70312fbeb68636f30b8043e83b37ec06dd1a1568ba7b6b7026c21bbb092e24a:000000004758151,(20645/30)
Credited Successfully,2025-01-20 03:36:07,TAO,Bittensor(TAO),1.42411027,0xe6264bb88c56aa03d542385e239b143a1dbb90d16f1feaa62190f3bce61849d1:000000004744197,(32/30)
Credited Successfully,2025-01-20 01:36:43,TAO,Bittensor(TAO),5.38,0x06e1ad3f765f9fede17fda8d24a4f7be7662bbff6e9a7c90aeedd06228e8335a:000000004743600,(30/30)
Credited Successfully,2025-01-17 10:02:52,USDT,Ethereum(ERC20),55099.114712,0x0dcd02e9a21ea5793fd406549abbd128464139142e99eb8f5207caca98ac5e95:8,(96/96)
Credited Successfully,2025-01-13 13:33:17,TAO,Bittensor(TAO),7.5857,0x1710b8b55c49e781b1d4a67da52933b211d20ab600c5d895e8ff92ca9e2825cb:000000004696785,(30/30)
Credited Successfully,2025-01-13 11:42:32,TAO,Bittensor(TAO),0.942,0xf6f66e8e3719ad816918743b6afa4c52a299b94c1b28dea3433c7ef525d51fe4:000000004696231,(30/30)
Credited Successfully,2025-01-02 12:30:40,TAO,Bittensor(TAO),0.5667,0xa9fa276aa744693bcfc12962f7f80f76483811852f93797d34cc0d6ac7cf7274:000000004617273,(31/30)
Credited Successfully,2025-01-02 12:23:41,TAO,Bittensor(TAO),0.75,0x819203d7481aec4f126a6ce5be16029f81991b998c105039d4f41f1686dda73b:000000004617238,(30/30)
Credited Successfully,2024-12-23 15:10:40,USDT,Ethereum(ERC20),1998.20641,0x033cdea737dd919a880ccbb011913ecb264ffc588dfaa0c41dcedfa381551a7e:0,(98/96)
Credited Successfully,2024-12-20 14:59:57,USDT,Ethereum(ERC20),71574.244352,0x7936552e7b07ec56fd201163256576d28b78db3a89ef6568d5a088fa7c9b51f6:0,(97/96)
Credited Successfully,2024-12-20 02:57:30,TAO,Bittensor(TAO),0.6975,0x4d901f6299f64ee5137986696a676b80594be0e1c19e69f55f07ebc171180106:000000004520808,(31/30)
Credited Successfully,2024-12-18 11:08:40,USDT,Ethereum(ERC20),999.719479,0x0bc414881d22f6fa3cdd1209d00f0f5e8d9fa433124e1af84223188a6876b8ed:0,(97/96)
Credited Successfully,2024-12-09 16:39:27,USDT,Ethereum(ERC20),4997.421331,0xcc61b7198e715a49ef2de12197f7c71c99d50989b3c20d6e49952233f1ca4910:0,(97/96)
Credited Successfully,2024-12-04 17:16:16,USDT,Ethereum(ERC20),1735.44,0x1a4e0853094164874a2cbb48308ea8150c2bf58321b3ef6cf4729c9895904cd7:0,(96/96)
Credited Successfully,2024-12-03 14:34:06,TAO,Bittensor(TAO),0.61528047,0xa3000b0192931e76c595846f72a7cf8f08187a9e9099abeec8303a000a46bd9a:000000004401940,(30/30)
Credited Successfully,2024-12-03 14:27:55,TAO,Bittensor(TAO),0.21,0xfc35f47aed3c3025946a19ef147be04563f03c9ad270bf0b9342f2357c69f68c:000000004401909,(30/30)
Credited Successfully,2024-12-03 14:24:05,TAO,Bittensor(TAO),0.361,0x89daa741437db0045de1f225fdadf9e37f2e2c8d92f123573c37becd162de593:000000004401890,(32/30)
Credited Successfully,2024-12-02 17:01:04,BTC,Bitcoin(BTC),0.01050332,3befecaa42e61d06dc53f966cd34ee07ea444ccc6be10803541880c1bc2fcae0:0,(3/3)
Credited Successfully,2024-12-02 16:52:25,BTC,Bitcoin(BTC),0.0050611,d5e4e0bbb36a9dc5f63db9afe837f0f388eb2f6f4605d469a86a416ffe37b8a3:0,(3/3)
Credited Successfully,2024-12-02 16:21:40,USDT,Ethereum(ERC20),922.727,0x711df2c9627b36e5bbe50737a4b872998bc1394963e9f742d5c960443a4f832e:0,(98/96)
Credited Successfully,2024-11-27 14:56:48,BTC,Bitcoin(BTC),0.0119921,944f476983afca7245fba2f088f064447fb656fc3ed9b90f93fe9e469302ff22:0,(3/3)
Credited Successfully,2024-11-27 14:56:43,BTC,Bitcoin(BTC),0.11350488,2cf8e201da12df5e604b3b13228fb4c4a48c2657e7de16e9d31d556d8a38bfca:0,(3/3)
Credited Successfully,2024-11-27 14:23:06,USDC,Ethereum(ERC20),3420.85,INTERNAL00001424124e489dacaa677849226343,(1/1)
Credited Successfully,2024-11-27 14:20:02,USDT,Ethereum(ERC20),11246.028214,0xce421ed7bf24d9928de85ec159f5777b1978a01c79e249239e1b59cd6f05fb5c:0,(99/96)
Credited Successfully,2024-11-27 12:27:17,TAO,Bittensor(TAO),3.735,0x3f5d7e7a26680c60b79be544211e49a52961e0af7da787fb3d9da6df7f6fd70b:000000004358106,(32/30)
Credited Successfully,2024-11-27 12:24:16,TAO,Bittensor(TAO),2.131,0x95cfc4a4aabdd49175df6c411a56d96dfdfa2c0163813154d8ac09d69258dd3d:000000004358091,(31/30)
Credited Successfully,2024-11-15 03:20:30,USDT,Ethereum(ERC20),2999.538671,0x707e473166af381776af0b3f1693e835c478af316bbc4783a1fc31498261eb02:0,(98/96)
Credited Successfully,2024-11-15 02:09:19,TAO,Bittensor(TAO),2.38099079,0x3026955b60532a3ee316912b9ba457aef9d897c64f187f9d97639c50f4c0c521:000000004268908,(31/30)
Credited Successfully,2024-11-11 00:58:20,TAO,Bittensor(TAO),0.55489278,0x7a4c0aeebf862b62d5b4a81880b94995f23a364602ad94c9802d62746ef1b0b8:000000004239897,(31/30)
Credited Successfully,2024-11-07 01:38:08,BTC,Bitcoin(BTC),0.01654275,1921652e0455baddfb54163500f38cfe1d95d73e3cb0a6a1477ded90d72d2709:1,(3/3)
Credited Successfully,2024-10-28 10:21:04,USDT,Ethereum(ERC20),10835.48,0x9c48984c14ad5e6de74b447899544ac0bb4214fe0c81f3a1af94f94583da5b7a:0,(98/96)
Credited Successfully,2024-10-28 08:20:33,TAO,Bittensor(TAO),4.63347394,0x6ccc76689283d4f8c0cd7399126033ef62b59aa5a3097931f32bb7e96784240d:000000004141583,(30/30)
Credited Successfully,2024-10-23 13:18:10,TAO,Bittensor(TAO),8.68086614,0xb0282630ac82eba15f981d98c7c5801f3685b865ad454b71bf0d095f35f00df5:000000004107154,(32/30)
Credited Successfully,2024-10-23 08:47:55,TAO,Bittensor(TAO),5,0x91459f80a37e7c925e166ba7cf33aee227bc9af45a86ccca83b2ffc15ccafa9e:000000004105803,(30/30)
Credited Successfully,2024-10-10 15:54:56,TAO,Bittensor(TAO),12,0xc7ba6e2be89d18d3520cdbc416008e5d00ff07262274611a7fbf15d29a779dcc:000000004014473,(33/30)
Credited Successfully,2024-10-01 11:05:29,TAO,Bittensor(TAO),12.94580095,0x11b336d4f3da82ea57fd3323a6d1280d8e4bddb6fe397ffaaa6456f60faad39a:000000003948251,(30/30)
Credited Successfully,2024-09-27 10:55:30,TAO,Bittensor(TAO),20.19718899,0x1fcde696fea5f22e68cef4ee0a2c3c2c23a3aa73a9205f7f184de1e9ee70e0ce:000000003919408,(30/30)
Credited Successfully,2024-09-21 14:17:08,TAO,Bittensor(TAO),5.44506112,0xe2a29c790daa741cde2cf9b5c8637c02ae20d128901337e7d1571fb953c5bad7:000000003877232,(30/30)
Credited Successfully,2024-09-03 10:19:15,TAO,Bittensor(TAO),19.10688079,0x34b5178e81dd7c48a1901a1517b19d5460b4c16479bb7241340f3bc1a6b31a24:000000003746830,(31/30)
Credited Successfully,2024-08-27 23:50:28,USDC,Ethereum(ERC20),0.019198,0x7cb8d8aa0666a2f42ba91bcd1f2e4e6c4c6f59a38ec20cd54a3a09b8e9f8fae7:0,(96/96)
Credited Successfully,2024-08-27 15:40:30,TAO,Bittensor(TAO),31,0xc425a78c72e7d9c169d0259f1f241e6722d9609b57ce18554e1ca4d682e94071:000000003699005,(30/30)
Credited Successfully,2024-08-27 10:20:16,USDC,Ethereum(ERC20),91989.51559,0x03a0ea80043b7e524d4f59886f1a6676156f2e4c3ba059392132af30ec6ad9e3:19,(97/96)
Credited Successfully,2024-08-27 08:57:16,USDC,Ethereum(ERC20),11022.512863,0x717f0af0e08e2fe8f9b47c0275ab17b95f419f09cd4243848b73159ed9c96fd1:7,(100/96)
Credited Successfully,2024-08-27 08:55:14,USDC,Ethereum(ERC20),74999.172273,0xbb428abc0106c6addd677f01c2e747c45227fafd217254b2368daf628da53f2f:15,(98/96)
Credited Successfully,2024-08-26 18:45:42,USDT,Ethereum(ERC20),0.01839,0x2d6d67e4588668f3892c34be1326de19b2c1b1e61e708e0feac0cf31ce1aa287:0,(99/96)
Credited Successfully,2024-08-26 12:39:17,USDT,Ethereum(ERC20),83904.410437,0x112befe823cb9dc0cce101f744ef9033d9f8e150818cbb94ead5053cc890c0e4:0,(98/96)
Credited Successfully,2024-08-25 08:38:29,USDC,Ethereum(ERC20),0.0125,0x3f036bceb6db5ddecf2a18057f4d41fb7e5128c21c115a6f5fd8dc0755655720:0,(96/96)
Credited Successfully,2024-08-25 08:20:18,USDC,Ethereum(ERC20),25000,0x747eb355ce36ed5245cbbd06bf3a464e63a2c732414bb95611b6b869ff171885:11,(97/96)
Credited Successfully,2024-08-23 13:48:16,USDC,Ethereum(ERC20),49999.504646,0x86c4fb39896fc01fceb86de8739c03628303ed4c3b5adf2a0a1e4b665dd55796:10,(98/96)
Credited Successfully,2024-08-23 13:35:16,USDC,Ethereum(ERC20),999.505862,0x2523ccd83a1a7fc48c2ddce951071dd9950dfac0c76007a462279f72354f4066:11,(100/96)
Credited Successfully,2024-08-22 18:44:15,USDT,Ethereum(ERC20),48696.496383,0xebf339d93a3950290008903b97b8279e8b30cd1946548015e9b1fe5cc3b9f0a4:9,(97/96)
Credited Successfully,2024-08-22 15:12:15,USDT,Ethereum(ERC20),179.423351,0xa36429f9661ed5c8ff596b9a47ec95f911667619f5c5479e3010680cadab45e5:8,(97/96)
Credited Successfully,2024-06-11 08:47:04,USDT,Ethereum(ERC20),258.420472,0xab00e2d776eae4476db8da06e9aa502099f377075911e404774b3c3a7ebb2a83:5,(100/96)
Credited Successfully,2024-05-03 13:36:52,TAO,Bittensor(TAO),13.5619,0x42ccb9a69c01028d7073fd05c8e9ef94fe2922dcfa37737ad607d7f60f1ca62e:000000002877409,(30/30)
Credited Successfully,2024-05-02 11:03:51,TAO,Bittensor(TAO),11.715,0xa2a63604b319721b1f77cdd9c1c72ca765adda57e43a5caa864cc1f80bbfe57f:000000002869468,(30/30)
Credited Successfully,2024-04-29 11:58:52,TAO,Bittensor(TAO),8.3742629,0xda0cff26476e3c4f056fcef29c1a267bfa4f75a127094c41a2eddd6c5467243b:000000002848641,(30/30)
Credited Successfully,2024-04-25 14:12:40,TAO,Bittensor(TAO),2.3,0x3a404ef96702bc4bc1d653abcd8288cb6a2d51c7a43ad4dc6a11f7f7f9846d8e:000000002824273,(32/30)
Credited Successfully,2024-04-25 13:26:20,TAO,Bittensor(TAO),8.7,0xb5e8f124f2a0bc52cc4b66009004c12294819bc11f3ab46161ac7dde040a23e1:000000002824075,(37/30)
Credited Successfully,2024-04-11 09:06:14,USDT,Ethereum(ERC20),779.603097,0x06702b50f8c242a65d178fc2100d7ab3c55f5a16f7bf4c6badb2d7de8ab3386b:18,(64/64)